CREATE DATABASE  IF NOT EXISTS `db_agile` /*!40100 DEFAULT CHARACTER SET utf8 */;
USE `db_agile`;
-- MySQL dump 10.13  Distrib 5.7.9, for Win64 (x86_64)
--
-- Host: localhost    Database: db_agile
-- ------------------------------------------------------
-- Server version	5.7.11-log

/*!40101 SET @OLD_CHARACTER_SET_CLIENT=@@CHARACTER_SET_CLIENT */;
/*!40101 SET @OLD_CHARACTER_SET_RESULTS=@@CHARACTER_SET_RESULTS */;
/*!40101 SET @OLD_COLLATION_CONNECTION=@@COLLATION_CONNECTION */;
/*!40101 SET NAMES utf8 */;
/*!40103 SET @OLD_TIME_ZONE=@@TIME_ZONE */;
/*!40103 SET TIME_ZONE='+00:00' */;
/*!40014 SET @OLD_UNIQUE_CHECKS=@@UNIQUE_CHECKS, UNIQUE_CHECKS=0 */;
/*!40014 SET @OLD_FOREIGN_KEY_CHECKS=@@FOREIGN_KEY_CHECKS, FOREIGN_KEY_CHECKS=0 */;
/*!40101 SET @OLD_SQL_MODE=@@SQL_MODE, SQL_MODE='NO_AUTO_VALUE_ON_ZERO' */;
/*!40111 SET @OLD_SQL_NOTES=@@SQL_NOTES, SQL_NOTES=0 */;

--
-- Table structure for table `ag_comment`
--

DROP TABLE IF EXISTS `ag_comment`;
/*!40101 SET @saved_cs_client     = @@character_set_client */;
/*!40101 SET character_set_client = utf8 */;
CREATE TABLE `ag_comment` (
  `id` int(11) NOT NULL AUTO_INCREMENT,
  `post_id` int(11) NOT NULL,
  `author` int(11) NOT NULL DEFAULT '0',
  `content` text NOT NULL,
  `dateAdded` timestamp NOT NULL DEFAULT CURRENT_TIMESTAMP,
  `status` tinyint(1) NOT NULL DEFAULT '1',
  PRIMARY KEY (`id`)
) ENGINE=InnoDB AUTO_INCREMENT=51 DEFAULT CHARSET=utf8;
/*!40101 SET character_set_client = @saved_cs_client */;

--
-- Dumping data for table `ag_comment`
--

LOCK TABLES `ag_comment` WRITE;
/*!40000 ALTER TABLE `ag_comment` DISABLE KEYS */;
INSERT INTO `ag_comment` VALUES (3,12,14,'Beri Beautiful Bibe, Bitch','2016-06-04 01:21:47',1),(4,10,15,'T*** ina, gago, Nandito na ako','2016-06-04 01:26:28',1),(5,9,16,'The finest poem has thee created<br/>All my doubts have been abated<br/>Pikachu\'s charm will never be dated<br/>As long as our hearts and minds have mated.<br/>-Will','2016-06-04 01:30:33',1),(6,10,17,'Woof Woof','2016-06-04 02:07:51',1),(7,10,15,'Gago, Borja. Aso ka talaga','2016-06-04 02:08:01',1),(8,10,17,'Woof?','2016-06-04 02:08:05',1),(9,10,15,'T*** ina you literal son of a bitch!','2016-06-04 02:08:16',1),(10,10,17,'Woof Woof Woof!','2016-06-04 02:08:25',1),(11,10,15,'Lumayo ka sakin, t***ingang aso ka!','2016-06-04 02:08:43',1),(12,10,17,'Bark Bark Woof','2016-06-04 02:08:50',1),(13,6,4,'De matulog ka. Antukin -_-','2016-06-04 02:19:36',1),(14,1,1,'Boring post -_-','2016-06-04 02:22:07',1),(15,7,18,'Huck Finn should be #1, dang nabbit!','2016-06-06 05:30:49',1),(16,11,1,'I love this song','2016-06-09 08:11:56',1),(20,17,22,'This made me cry :\'(','2016-06-09 08:38:49',1),(21,16,23,'Friday is better.','2016-06-09 08:43:22',1),(22,16,24,'Nuh-uh. Va Va Voom, bitch!','2016-06-09 08:43:37',1),(23,16,25,'Octupus Garden pwnzzzz u all','2016-06-09 08:43:51',1),(24,16,26,'Revolution 9 mother****ers!!!!','2016-06-09 08:44:09',1),(25,16,17,'Woof Woof','2016-06-09 08:44:14',1),(26,16,15,'T***ina gago naman, Borja. Pati ba naman dito?','2016-06-09 08:44:27',1),(27,16,27,'I want to ride my bicycle.','2016-06-09 08:44:54',1),(28,17,28,'Scrub','2016-06-10 01:41:12',1),(29,17,17,'Woof Woof','2016-06-10 01:41:18',1),(30,17,15,'P***!!!','2016-06-10 01:41:27',1),(31,17,29,'Allahu Akbar','2016-06-10 01:42:38',1),(32,17,30,'Terrorista ka talaga','2016-06-10 01:42:48',1),(33,17,31,'Nani?','2016-06-10 01:42:57',1),(34,10,32,'Shut up ka nalang','2016-06-10 02:02:46',1),(35,16,17,'Woof Woof','2016-06-14 12:20:17',1),(36,16,15,'NO DOGS ALLOWED','2016-06-14 12:21:44',1),(37,19,65,'I\'m confused too =(','2016-06-14 14:51:43',1),(38,19,17,'Woof Woof','2016-06-14 14:52:01',1),(39,19,65,'Is he woofing at either of us?','2016-06-14 14:55:36',1),(40,18,1,'??','2016-06-16 05:44:46',1),(41,18,1,'??','2016-06-16 05:46:23',1),(42,18,1,'??','2016-06-16 05:46:57',1),(43,18,1,'??','2016-06-16 05:47:01',1),(44,18,1,'Ha?','2016-06-16 05:51:00',1),(45,18,1,'Ha?','2016-06-16 05:51:03',1),(46,18,17,'Woof','2016-06-16 06:01:12',1),(47,18,17,'Woof','2016-06-16 06:01:14',1),(48,18,17,'WoofWoofWoofWoofWoofWoofWoofWoofWoofWoofWoofWoofWoofWoofWoofWoofWoofWoofWoofWoofWoofWoofWoofWoofWoofWoofWoofWoofWoofWoofWoofWoofWoofWoofWoofWoofWoofWoofWoofWoofWoofWoofWoofWoofWoofWoofWoofWoofWoofWoofWoofWoofWoofWoofWoofWoofWoofWoofWoofWoofWoofWoofWoofWoofWoofWoofWoofWoofWoofWoofWoofWoofWoofWoofWoofWoofWoofWoofWoofWoofWoofWoofWoofWoofWoofWoofWoofWoofWoofWoofWoofWoofWoofWoofWoofWoofWoofWoofWoofWoofWoofWoofWoofWoofWoofWoofWoofWoofWoofWoofWoofWoofWoofWoofWoofWoofWoofWoofWoofWoofWoofWoofWoofWoofWoofWoofWoofWoofWoofWoofWoofWoofWoofWoofWoofWoofWoofWoofWoofWoofWoofWoofWoofWoofWoofWoofWoofWoofWoofWoofWoofWoofWoofWoofWoofWoofWoofWoofWoofWoofWoofWoofWoofWoofWoofWoofWoofWoofWoofWoofWoofWoofWoofWoofWoofWoofWoofWoofWoofWoofWoofWoofWoofWoofWoofWoof','2016-06-16 06:02:37',1),(49,18,17,'WoofWoofWoofWoofWoofWoofWoofWoofWoofWoofWoofWoofWoofWoofWoofWoofWoofWoofWoofWoofWoofWoofWoofWoofWoofWoofWoofWoofWoofWoofWoofWoofWoofWoofWoofWoofWoofWoofWoofWoofWoofWoofWoofWoofWoofWoofWoofWoofWoofWoofWoofWoofWoofWoofWoofWoofWoofWoofWoofWoofWoofWoofWoofWoofWoofWoofWoofWoofWoofWoofWoofWoofWoofWoofWoofWoofWoofWoofWoofWoofWoofWoofWoofWoofWoofWoofWoofWoofWoofWoofWoofWoofWoofWoofWoofWoofWoofWoofWoofWoofWoofWoofWoofWoofWoofWoofWoofWoofWoofWoofWoofWoofWoofWoofWoofWoofWoofWoofWoofWoofWoofWoofWoofWoofWoofWoofWoofWoofWoofWoofWoofWoofWoofWoofWoofWoofWoofWoofWoofWoofWoofWoofWoofWoofWoofWoofWoofWoofWoofWoofWoofWoofWoofWoofWoofWoofWoofWoofWoofWoofWoofWoofWoofWoofWoofWoofWoofWoofWoofWoofWoofWoofWoofWoofWoofWoofWoofWoofWoofWoofWoofWoofWoofWoofWoofWoof','2016-06-16 06:06:20',1),(50,18,1,'Admin? There\'s a dog in the comments.','2016-06-16 09:24:12',1);
/*!40000 ALTER TABLE `ag_comment` ENABLE KEYS */;
UNLOCK TABLES;

--
-- Table structure for table `ag_post`
--

DROP TABLE IF EXISTS `ag_post`;
/*!40101 SET @saved_cs_client     = @@character_set_client */;
/*!40101 SET character_set_client = utf8 */;
CREATE TABLE `ag_post` (
  `id` int(11) NOT NULL AUTO_INCREMENT,
  `title` varchar(45) NOT NULL,
  `author` int(11) NOT NULL DEFAULT '0',
  `content` text NOT NULL,
  `dateAdded` timestamp NOT NULL DEFAULT CURRENT_TIMESTAMP,
  `status` tinyint(1) NOT NULL DEFAULT '1',
  PRIMARY KEY (`id`)
) ENGINE=InnoDB AUTO_INCREMENT=21 DEFAULT CHARSET=utf8;
/*!40101 SET character_set_client = @saved_cs_client */;

--
-- Dumping data for table `ag_post`
--

LOCK TABLES `ag_post` WRITE;
/*!40000 ALTER TABLE `ag_post` DISABLE KEYS */;
INSERT INTO `ag_post` VALUES (1,'Test',1,'This is a test','2016-05-27 12:25:18',1),(2,'Test',1,'This is a test','2016-05-27 12:26:52',1),(3,'Test2',2,'Lol','2016-05-27 15:36:41',1),(4,'Gusto ko ng kamatis',3,'I want kamatis. Kamatis is good','2016-05-30 08:14:07',1),(5,'Gusto ko bumutas',4,'Ako ay bubutas ng bagay na maibubutas ng aking pambutas.','2016-05-30 08:14:30',1),(6,'Ako ay matutulog',5,'Antok na ako. Matutulog ako. <3','2016-05-30 08:14:46',1),(7,'My Favorite Books',6,'1.	A Storm of Swords (George R. R. Martin) (94%)\r\n2.	Les Miserables (Victor Hugo) (98%)\r\n3.	The Great Gatsby (F. Scott Fitzgerald) (94%)\r\n4.	A Tale of Two Cities (Charles Dickens) (94%)\r\n5.	King Lear (William Shakespeare) (98%)\r\n6.	Ready Player One (Ernest Cline) (95%)\r\n7.	The Prince (Niccolo Machiavelli) (97%)\r\n8.	1984 (George Orwell) (97%)\r\n9.	Harry Potter and the Prisoner of Azkaban (J.K. Rowling) (90%)\r\n10.	Shutter Island (Dennis Lehane) (90%)\r\n11.	The Lord of the Rings: The Return of the King (J.R.R. Tolkien) (95%)\r\n12.	Lullaby (Chuck Palahniuk) (87%)\r\n13.	Anna Karenina (Leo Tolstoy) (96%)\r\n14.	Harry Potter and the Order of the Phoenix (J.K. Rowling) (87%)\r\n15.	The Lord of the Rings: The Two Towers (J.R.R. Tolkien) (95%)\r\n16.	Animal Farm (George Orwell) (95%)\r\n17.	Noli Me Tangere (Jose Rizal) (94%)\r\n18.	A Game of Thrones (George R. R. Martin) (90%)\r\n19.	The Chronicles of Narnia: The Voyage of the Dawn Treader (C.S. Lewis) (86%)\r\n20.	Perks of Being a Wallflower (Stephen Chbosky) (85%)\r\n21.	The Three Musketeers (Alexandre Dumas) (88%)\r\n22.	To Kill a Mockingbird (Harper Lee) (93%)\r\n23.	Dantes Paradiso (Dante Aligheri) (95%)\r\n24.	The Well of Ascension (Brandon Sanderson) (90%)\r\n25.	Mistborn: The Final Empire (Brandon Sanderson) (88%)\r\n26.	Survivor (Chuck Palahniuk) (90%)\r\n27.	Diary (Chuck Palahniuk) (87%)\r\n28.	Gone Girl (Gillian Flynn) (85%)\r\n29.	El Filibusterismo (Jose Rizal) (91%)\r\n30.	Hamlet (William Shakespeare) (97%)\r\n31.	Battle Royale (Koushun Takami) (89%)\r\n32.	Fight Club (Chuck Palahniuk) (86%)\r\n33.	Firefight (Brandon Sanderson) (93%)\r\n34.	The Girl Who Kicked the Hornets Nest (Stieg Larsson) (90%)\r\n35.	Much Ado About Nothing (William Shakespeare) (89%)\r\n36.	Invisible Monsters Remix (Chuck Palahniuk) (89%)\r\n37.	Invisible Monsters (Chuck Palahniuk) (86%)\r\n38.	Romeo and Juliet (William Shakespeare) (94%)\r\n39.	Of Mice and Men (John Steinbeck) (86%)\r\n40.	And Then There Were None (Agatha Christie) (89%)\r\n41.	The Odyssey (Homer) (92%)\r\n42.	The Chronicles of Narnia: The Horse and His Boy (C.S. Lewis) (88%)\r\n43.	The Hero of Ages (Brandon Sanderson) (90%)\r\n44.	Steelheart (Brandon Sanderson) (89%)\r\n45.	Rant (Chuck Palahniuk) (87%)\r\n46.	The Merchant of Venice (William Shakespeare) (84%)\r\n47.	The Count of Monte Cristo (Alexandré Dumas) (92%)\r\n48.	The Girl With the Dragon Tattoo (Stieg Larsson) (85%)\r\n49.	A Thousand Splendid Suns (Khaled Hosseini) (84%)\r\n50.	Harry Potter and the Half-Blood Prince (J.K. Rowling) (86%)\r\n51.	Dantes Purgatorio (Dante Aligheri) (95%)\r\n52.	Harry Potter and the Goblet of Fire (J.K. Rowling) (84%)\r\n53.	The Chronicles of Narnia: Prince Caspian (C.S. Lewis)\r\n54.	The Chronicles of Narnia: The Lion, The Witch, and the Wardrobe (C.S. Lewis)\r\n55.	Desaparesidos (Lualhati Bautista) (87%)\r\n56.	A Midsummer Nights Dream (William Shakespeare) (85%)\r\n57.	The Hobbit (J.R.R. Tolkien) (86%)\r\n58.	Deception Point (Dan Brown ) (83%)\r\n59.	The Alloy of Law (Brandon Sanderson) (85%)\r\n60.	Pygmy (Chuck Palahniuk) (82%)\r\n61.	The Kite Runner (Khaled Hosseini) (83%)\r\n62.	Macbeth (William Shakespeare) (82%)	\r\n63.	The Girl Who Played With Fire (Stieg Larsson) (85%)\r\n64.	The Hitchhikers Guide to the Galaxy (Douglas Adams) (80%)\r\n65.	The Iliad (Homer) (89%)\r\n66.	The House of Hades (Rick Riordan) (84%)\r\n67.	Percy Jackson and the Olympians: The Battle of the Labyrinth (Rick Riordan) (81%)\r\n68.	Dantes Inferno (Dante Aligheri) (90%)\r\n69.	The Fault in Our Stars (John Green) (78%)\r\n70.	The Mark of Athena (Rick Riordan) (81%)\r\n71.	Shadows of Self (Brandon Sanderson) (75%)\r\n72.	Elantris (Brandon Sanderson) (80%)\r\n73.	The Picture of Dorian Gray (Oscar Wilde) (87%)\r\n74.	The Little Prince (Antoine de Saint-Exupery) (87%)\r\n75.	Percy Jackson and the Olympians: The Titans Curse (Rick Riordan) (80%)\r\n76.	Life of Pi (Yann Martel) (84%)\r\n77.	The Godfather (Mario Puzo) (89%)\r\n78.	Calamity (Brandon Sanderson) (79%)\r\n79.	Haunted (Chuck Palahniuk) (84%)\r\n80.	The Chronicles of Narnia: The Last Battle (C.S. Lewis) (87%)\r\n81.	Choke (Chuck Palahniuk) (84%)\r\n82.	Percy Jackson and the Olympians: The Last Olympian (Rick Riordan)\r\n83.	The Taming of the Shrew (William Shakespeare) (82%)\r\n84.	Ang Tundo Man May Langit Din (Andres Cristobal Cruz)\r\n85.	The Pretenders (F. Sionil Jose)\r\n86.	War and Peace (Leo Tolstoy) (90%)\r\n87.	The Lost Hero (Rick Riordan) (80%)\r\n88.	Charlie and the Chocolate Factory (Roald Dahl)\r\n89.	Angels and Demons (Dan Brown) (75%)\r\n90.	Carrie (Stephen King) (72%)\r\n91.	The Adventures of Sherlock Holmes (Arthur Conan Doyle) (85%)\r\n92.	A Feast For Crows (George R.R. Martin) (79%)\r\n93.	Lamb: The Gospel According to Biff, Christs Childhood Pal (Christopher Moore) (82%)\r\n94.	Digital Fortress (Dan Brown) (64%)\r\n95.	Twelfth Night (William Shakespeare)\r\n96.	Percy Jackson and the Olympians: The Lightning Thief (Rick Riordan) (80%)\r\n97.	Vicious (V.E.Schwab) (84%)\r\n98.	Cloud Atlas (David Mitchell) (81%)\r\n99.	Looking For Alaska (John Green) (80%)\r\n100.	A Clash of Kings (George R.R. Martin) (74%)\r\n101.	Beautiful You (Chuck Palahniuk) (72%)\r\n102.	Life, The Universe, and Everything (Douglas Adams) (74%)\r\n103.	The Son of Neptune (Rick Riordan) (75%)\r\n104.	Damned (Chuck Palahniuk) (74%)\r\n105.	Dekada 70 (Lualhati Bautista) (78%)\r\n106.	Atonement (Ian McEwan) (77%)\r\n107.	The Chronicles of Narnia: The Silver Chair (C.S. Lewis) (81%)\r\n108.	The Memoirs of Sherlock Holmes (Arthur Conan Doyle) (80%)\r\n109.	The Silmarillion (J.R.R. Tolkien) (80%)\r\n110.	The Lord of the Rings: The Fellowship of the Ring (J.R.R. Tolkien) (74%)\r\n111.	The Children of Hurin (J.R.R.Tolkien) (70%)\r\n112.	His Last Bow (Arthur Conan Doyle) (79%)\r\n113.	Stranger Than Fiction (Chuck Palahniuk) (82%)\r\n114.	Wicked (Gregory Maguire) (72%)\r\n115.	The Adventures of Tom Sawyer (Mark Twain) (73%)\r\n116.	The Chronicles of Narnia: The Magicians Nephew (C.S. Lewis) (80%)\r\n117.	Mockingjay (Suzanne Collins) (77%)\r\n118.	The Time Machine (H.G. Wells) (83%)\r\n119.	The Book Thief (Markus Zusak) (75%)\r\n120.	Catching Fire (Suzanne Collins) (90.35%)\r\n121.	The Martian (Andy Weir) (72%)\r\n122.	The Hunger Games (Suzanne Collins)\r\n123.	Tell-All (Chuck Palahniuk) (80%)\r\n124.	Othello (William Shakespeare)\r\n125.	The Lost Symbol (Dan Brown) (71%)\r\n126.	The Phantom of the Opera (Gaston Leroux)\r\n127.	Alices Adventures in Wonderland (Lewis Caroll) (75%)\r\n128.	Doomed (Chuck Palahniuk) (65%)\r\n129.	The Restaurant at the End of the Universe (Douglas Adams) (72%)\r\n130.	The Hound of the Baskervilles (Arthur Conan Doyle) (73%)\r\n131.	Disgrace (J.M. Coetzee) (85%)\r\n132.	The Sign of Four (Arthur Conan Doyle) (73%)\r\n133.	Sa Mga Kuko ng Liwanag (Edgardo M. Reyes) (91.9%)\r\n134.	The Art of War (Sun Tzu) (80%)\r\n135.	A Study in Scarlet (Arthur Conan Doyle) (80%)\r\n136.	The Blood of Olympus (Rick Riordan) (71%)\r\n137.	A Dance With Dragons (George R. R. Martin) (64%)\r\n138.	One Hundred Years of Solitude (Gabriel Garcia Marquez) (88%)\r\n139.	As You Like It (William Shakespeare)\r\n140.	Paper Towns (John Green) (73%)\r\n141.	Percy Jackson and the Olympians: The Demigod Files (Rick Riordan)\r\n142.	The Strange Case of Dr. Jekyll and Mr. Hyde (Robert Louis Stevenson)\r\n143.	Harry Potter and the Sorcerers Stone (J.K. Rowling)\r\n144.	The Mortal Instruments: City of Bones (Cassandra Clare) (79%)\r\n145.	Inferno (Dan Brown) (63%)\r\n146.	The Return of Sherlock Holmes (Arthur Conan Doyle) (80%)\r\n147.	Mitosis (Brandon Sanderson) (60%)\r\n148.	Beowulf (Author Unknown) (80%)\r\n149.	Armada (Ernest Cline) (60%)\r\n150.	Mystic River (Dennis Lehane) (74%)\r\n151.	The Valley of Fear (Arthur Conan Doyle) (74%)\r\n152.	Frankenstein (Mary Shelley) (70%)\r\n153.	Antony and Cleopatra (William Shakespeare) (78%)\r\n154.	The Wonderful Wizard of Oz (L. Frank Baum) (62%)\r\n155.	Journey to the Center of the Earth (Jules Verne) (70%)\r\n156.	Henry V (William Shakespeare) (83%)\r\n157.	Lord of the Flies (William Golding)\r\n158.	GAPO (Lualhati Bautista) (67%)\r\n159.	Percy Jackson and the Olympians: The Sea of Monsters (Rick Riordan)\r\n160.	Mostly Harmless (Douglas Adams) (45%)\r\n161.	Tuesdays With Morrie (Mitch Albom) (70%)\r\n162.	Through the Looking Glass and What Alice Found There (Lewis Caroll) (79%)\r\n163.	The Tempest (William Shakespeare)\r\n164.	Heart of Darkness (Joseph Conrad) (80%)\r\n165.	Julius Caesar (William Shakespeare)\r\n166.	Harry Potter and the Chamber of Secrets (J.K. Rowling)\r\n167.	Harry Potter and the Deathly Hallows (J.K. Rowling)\r\n168.	So Long, and Thanks for All the Fish (Douglas Adams) (30%)\r\n169.	Charlie and the Great Glass Elevator (Roald Dahl)\r\n170.	Henry IV (William Shakespeare) (82%)\r\n171.	Canal De La Reina (Liwayway Arceo)\r\n172.	The Da Vinci Code (Dan Brown)\r\n173.	Snuff (Chuck Palahniuk) (23%)\r\n174.	Florante at Laura (Francisco Balagtas Baltazar)\r\n175.	The Shining (Stephen King) (50%)\r\n176.	The Scarlet Letter (Nathaniel Hawthorne)\r\n177.	Mag-Anak na Cruz  (Liwayway Arceo)\r\n178.	Ibong Adarna (Author Unknown)\r\n179.	Make Something Up (Chuck Palahniuk) (20%)\r\n180.	The Adventures of Huckleberry Finn (Mark Twain) (10%)\r\n\r\n69,117 pages\r\n','2016-06-01 13:09:18',1),(8,'Shuffle',7,'Shuffle is a mobile game wherein the user guesses certain details about songs such as artist, album, or title (depending on the game difficulty) within a restriction such as time limit or until the album is over. The general objective is to provide a fun outlet for users to test their knowledge on their favorite music. Specifically, it is to provide the user with a way to guess certain details of certain songs within a set time limit or to do the same for a certain finite amount of songs.\r<br/>\r<br/>The process begins with the user selecting a game difficulty, which could be changed at any time in the settings. Afterwards, the user selects a selection of songs, whether it be an artist, a playlist, an album, or their entire music library. The user then selects a game mode, either Time Attack, where they are given 135 seconds, or Song Rush, where they must guess as many songs in the selected playlist. After the game, they may record their stats under a name.\r<br/>','2016-06-01 13:31:18',1),(9,'Pikachu',8,'Sa aking palagay ay hindi na ako makakakita pa\r<br/>Ng Pikachu na sindikit nitong Pokemon na kaaya-aya\r<br/>\r<br/>Bibig na dayukdok di ibig alisin sa pagkakadikit\r<br/>Sa dibdib ng lupang ang daloy ng buhay, walang kasing-nakaka-kuryente\r<br/>\r<br/>Sa buong maghapon, sa mukha ng Arceus lamang nakatingin\r<br/>Ang pisnging bisig ay nangakataas sa pananalangin\r<br/>\r<br/>Kung nagtatag-init, ang malagong buntot ay nahihiyasan\r<br/>Ng pugad ng ibong pugad din ng tuwa at kaligayahan\r<br/>\r<br/>Sa kanyang kandungan, ang kabusilakay doon umiidlip \r<br/>Sa buhos ng ulan ay magkarayamang nakikipagkuryentehan\r<br/>\r<br/>Tulay nagagawa ng mga gaya kong mulala at hangal,\r<br/>Mga Pikachu, ang nakagagaway tanging Arceus lamang.','2016-06-01 13:33:25',1),(10,'Summoning Richard',9,'T*** Ina. T*** Ina. T*** Ina. T*** Ina. T*** Ina. T*** Ina. T*** Ina. T*** Ina. T*** Ina. T*** Ina. T*** Ina. T*** Ina. T*** Ina. T*** Ina. T*** Ina. T*** Ina. T*** Ina. T*** Ina. T*** Ina. T*** Ina. T*** Ina. T*** Ina. T*** Ina. T*** Ina. T*** Ina. T*** Ina. T*** Ina. T*** Ina. T*** Ina. T*** Ina. T*** Ina. T*** Ina. T*** Ina. T*** Ina. T*** Ina. T*** Ina. T*** Ina. T*** Ina. T*** Ina. T*** Ina. T*** Ina. T*** Ina. T*** Ina. T*** Ina. T*** Ina. ','2016-06-01 13:33:50',1),(11,'Implicit Demand For Proof',10,'I know you\'re not a liar\r<br/>And I know you could set fire\r<br/>This day\r<br/>Go ahead and make me look away\r<br/>Strike me down\r<br/>I am calling your lightning\r<br/>Down from your dark hiding place\r<br/>Go ahead and show me\r<br/>Your face\r<br/>\r<br/>Rain down\r<br/>And destroy me\r<br/>Rain down\r<br/>And destroy me\r<br/>Rain down\r<br/>\r<br/>I mean no disrespect\r<br/>I am simply very perplexed\r<br/>By your ways\r<br/>Why won\'t you let us\r<br/>Use your name?\r<br/>\r<br/>Rain down\r<br/>And destroy me\r<br/>Rain down\r<br/>And destroy me\r<br/>Rain down\r<br/>And destroy me\r<br/>Rain down\r<br/>And destroy me\r<br/>\r<br/>Rain\r<br/>\r<br/>Down\r<br/>\r<br/>Rain\r<br/>\r<br/>Down\r<br/>\r<br/>Down','2016-06-01 13:36:27',1),(12,'Tatlong Bibe',4,'May tatlong bibe akong nakita','2016-06-03 02:04:24',1),(16,'Migraine',12,'Am I the only one I know,\r<br/>Waging my wars behind my face and above my throat?\r<br/>Shadows will scream that I\'m alone.\r<br/>\r<br/>I-I-I I\'ve got a migraine and my pain will range from up, down, and sideways,\r<br/>Thank God it\'s Friday \'cause Fridays will always,\r<br/>Be better than Sundays \'cause Sundays are my suicide days,\r<br/>I don\'t know why they always seem so dismal,\r<br/>Thunderstorms, clouds, snow, and a slight drizzle,\r<br/>Whether it\'s the weather or the letters by my bed,\r<br/>Sometimes death seems better than the migraine in my head,\r<br/>Let it be said what the headache represents,\r<br/>It\'s me defending in suspense,\r<br/>It\'s me suspended in a defenseless test,\r<br/>Being tested by a ruthless examiner\r<br/>That\'s represented best by my depressing thoughts,\r<br/>I do not have writer\'s block,\r<br/>My writer just hates the clock,\r<br/>It will not let me sleep, I guess I\'ll sleep when I\'m dead,\r<br/>And sometimes death seems better than the migraine in my head.\r<br/>\r<br/>Am I the only one I know,\r<br/>Waging my wars behind my face and above my throat?\r<br/>Shadows will scream that I\'m alone,\r<br/>But I know we\'ve made it this far, kid.\r<br/>Yeah, yeah, yeah\r<br/>\r<br/>I am not as fine as I seem, pardon,\r<br/>Me for yelling, I\'m telling you green gardens,\r<br/>Are not what\'s growing in my psyche, it\'s a different me,\r<br/>A difficult beast feasting on burnt down trees,\r<br/>Freeze frame please, let me paint a mental picture portrait,\r<br/>Something you won\'t forget, it\'s all about my forehead,\r<br/>And how it is a door that holds back contents,\r<br/>That make Pandora\'s Box\'s contents look non-violent,\r<br/>Behind my eyelids are islands of violence,\r<br/>My mind\'s ship-wrecked, this is the only land my mind could,\r<br/>Find, I did not know it was such a violent island,\r<br/>Full of tidal waves, suicidal crazed lions,\r<br/>They\'re trying to eat me, blood running down their chin,\r<br/>And I know that I can fight or I can let the lion win,\r<br/>I begin to assemble what weapons I can find,\r<br/>\'Cause sometimes to stay alive you gotta kill your mind.\r<br/>\r<br/>Am I the only one I know,\r<br/>Waging my wars behind my face and above my throat?\r<br/>Shadows will scream that I\'m alone,\r<br/>But I know we\'ve made it this far, kid.\r<br/>Ah, yeah\r<br/>Yeah, yeah, yeah\r<br/>Oh, oh\r<br/>Yeah, yeah, yeah\r<br/>\r<br/>And I will say that we should take a day to break away,\r<br/>From all the pain our brain has made,\r<br/>The game is not played alone.\r<br/>And I will say that we should take a moment and hold it,\r<br/>And keep it frozen and know that,\r<br/>Life has a hopeful undertone.\r<br/>\r<br/>And I will say that we should take a day to break away,\r<br/>From all the pain our brain has made,\r<br/>The game is not played alone.\r<br/>And I will say that we should take a moment and hold it,\r<br/>And keep it frozen and know that,\r<br/>Life has a hopeful undertone.\r<br/>\r<br/>Am I the only one I know,\r<br/>Waging my wars behind my face and above my throat?\r<br/>Shadows will scream that I\'m alone,\r<br/>But I know we\'ve made it this far, kid.\r<br/>\r<br/>We\'ve made it this far\r<br/>We\'ve made it this f...','2016-06-09 08:34:36',1),(17,'Sonnet 18',13,'Shall I compare thee to a summer\'s day?\r<br/>Thou art more lovely and more temperate:\r<br/>Rough winds do shake the darling buds of May,\r<br/>And summer\'s lease hath all too short a date:\r<br/>Sometime too hot the eye of heaven shines,\r<br/>And often is his gold complexion dimmed,\r<br/>And every fair from fair sometime declines,\r<br/>By chance, or nature\'s changing course untrimmed:\r<br/>But thy eternal summer shall not fade,\r<br/>Nor lose possession of that fair thou ow\'st,\r<br/>Nor shall death brag thou wander\'st in his shade,\r<br/>When in eternal lines to time thou grow\'st,\r<br/>   So long as men can breathe, or eyes can see,\r<br/>   So long lives this, and this gives life to thee.','2016-06-09 08:36:12',1),(18,'T***ina Borja',15,'Wag ka nga puro woof woof dito. Nakaka**** na eh. ****ina mo. Pakyu!','2016-06-14 12:22:23',1),(19,'I\'m Confused',64,'Nothing makes sense here. Just me. Why is there a blogging dog?','2016-06-14 14:29:41',1),(20,'',65,'','2016-06-15 23:50:04',0);
/*!40000 ALTER TABLE `ag_post` ENABLE KEYS */;
UNLOCK TABLES;

--
-- Table structure for table `ag_user`
--

DROP TABLE IF EXISTS `ag_user`;
/*!40101 SET @saved_cs_client     = @@character_set_client */;
/*!40101 SET character_set_client = utf8 */;
CREATE TABLE `ag_user` (
  `id` int(11) NOT NULL AUTO_INCREMENT,
  `username` varchar(45) NOT NULL,
  `password` varchar(60) NOT NULL,
  `status` tinyint(1) DEFAULT '1',
  `dateAdded` timestamp NOT NULL DEFAULT CURRENT_TIMESTAMP,
  PRIMARY KEY (`id`),
  UNIQUE KEY `username` (`username`)
) ENGINE=InnoDB AUTO_INCREMENT=71 DEFAULT CHARSET=utf8;
/*!40101 SET character_set_client = @saved_cs_client */;

--
-- Dumping data for table `ag_user`
--

LOCK TABLES `ag_user` WRITE;
/*!40000 ALTER TABLE `ag_user` DISABLE KEYS */;
INSERT INTO `ag_user` VALUES (1,'Austin','$2a$10$PZ4xCRrp.1tN7t5.sOn6uOBWKohxtZnHBzdSFB/0mKgQNDOL76/Ka',1,'2016-06-14 11:24:34'),(2,'Austin Again','$2a$10$QG33wQ/tnkbhUkhsG3ky2eCzKWoLk3SGeB7fwj4WfoVChKNtfdDaG',1,'2016-06-14 11:24:34'),(3,'Rissa Quindoza','$2a$10$xGVU4s6EvrWXBMiAkb.Ju.VbPukB2Ua2xovYlE8isVwJJ/huVddGe',1,'2016-06-14 11:24:34'),(4,'Angelo Matias','$2a$10$lVtBwt7qjhXDiagpMjPO4.Mog3N2HbbMdbXdbMzTGFMNtyH2Pr/P6',1,'2016-06-14 11:24:34'),(5,'Kenneth Wang','$2a$10$RVofv1IFOtlmDZECqlw35OiEhVJ/AM5cat5nrxZRH2A/AeMGWNRre',1,'2016-06-14 11:24:34'),(6,'Pedro Penduko','$2a$10$oJRTUOE.w9J537Ulu0jLCOXt5Y8sN7pr2o6d1UXvdxZGiDX/sOeoW',1,'2016-06-14 11:24:34'),(7,'Shuffuru','$2a$10$jWxDY5G94A2RNYAhebKKju9jjhUT0m8X8JsAfZ4PC9tVi0MtuMwlu',1,'2016-06-14 11:24:34'),(8,'Pikachu','$2a$10$ot2//lb/b/LLvOJ6doT3zOluBq3ihiH.PDUZAwKuxqQrBNNovMfnq',1,'2016-06-14 11:24:34'),(9,'Allahu Akbar','$2a$10$pBVNUHhWLWpRpQRq.Pb3xeDJYAJMEfWh6LD4X21l76O0NhhBUUPey',1,'2016-06-14 11:24:34'),(10,'Twenty One Pilots','$2a$10$WVUUeiOahouXL0qlgZZOUeBnP44gYQ1rnPMavlJEpbyJ1ez6sMNBy',1,'2016-06-14 11:24:34'),(11,'   ','$2a$10$D79jq2ZDMb0C510q46fogOPu5UML3ddoFwzdK7kRSiOFxfhoOjSVi',1,'2016-06-14 11:24:34'),(12,'Twenty-One Pilots','$2a$10$qkjWl1Mqm1dvXlLNeo6XAu63y97sgtosFSMdiqL4FffAyT6558t/i',1,'2016-06-14 11:24:34'),(13,'Bill Shakespeare','$2a$10$UoZmb6XKf8aVdt//aK83U.fHzGH46FXEA2P3iyq6ULfnAeezECh9G',1,'2016-06-14 11:24:34'),(14,'Bibe Lover','$2a$10$IppITeuGL0Jzrwjp5DQucepOe4yLN2as7wVeSVoKMzTMHC9wkJt1m',1,'2016-06-14 11:24:34'),(15,'Richard','$2a$10$FgxHnQeZzPFuGYwPgCqBFupfwa1rcyFj.JXFCeoge5f3nkedEj7bK',1,'2016-06-14 11:24:34'),(16,'William Shakespeare','$2a$10$/y32VD6nL6yh4EuuAiBJQeZSo6.vM/FKTbMjLX.fxq7zit4shYov6',1,'2016-06-14 11:24:34'),(17,'Borja','$2a$10$ZeGtW4zqfSYBjWYKRbk0/.uA/MotOhB3Vwx6eDfn8bLPCUR4byFrC',1,'2016-06-14 11:24:34'),(18,'Tom Sawyer','$2a$10$Q6dVXBMOooU28c.KtUp2Meyvjh8oVjaRA5XUGEBEK531ZzYX9wgqm',1,'2016-06-14 11:24:34'),(19,'???','$2a$10$k.G8eY1pQTw5agaO1JbefeF4DsFaO6DbXAwbr8ItKlzYaTv08tk4y',1,'2016-06-14 11:24:34'),(20,'ddd','$2a$10$12Gn9e6vMr6bJO4w/RkInursNQbu2fwArpBZKMobSowgU7ozlb9ZG',1,'2016-06-14 11:24:34'),(21,'ss','$2a$10$q9TxmRXO0MY/gDJK/tkss.UNXQXtd5ZOIMU46z1DoYlDFX/O13FJC',1,'2016-06-14 11:24:34'),(22,'Shrek','$2a$10$XGBS1n5ah.SCbonGrAwGHO0w6s2nAb3gpTcFmLy5WJWVblhCK5Sgy',1,'2016-06-14 11:24:34'),(23,'Rebecca Black','$2a$10$GDkWoh8zZiE7.V9Le43orOYzvK2BJhEWfnm0Qba5cxOpvaB8PsIBe',1,'2016-06-14 11:24:34'),(24,'Nicki Minaj','$2a$10$.Rt9lI3v/fxLGubWOA4CZuU.dUP6yP3rgIBW90ixoehp3u4BObcJe',1,'2016-06-14 11:24:34'),(25,'Ringo Starr','$2a$10$.ZP12VUlP23wrIF6xP9SmOd13BRNehbpwo1zNpMiqW1gvZryi0Yb2',1,'2016-06-14 11:24:34'),(26,'Paul McCartney','$2a$10$QE3ZBWrWaEkBYuItY7VAfu7z1.QVvRwpdYXbQtMgxJHQ12rs7Yq02',1,'2016-06-14 11:24:34'),(27,'Freddie Mercury','$2a$10$Za.DtJUaHaDJi3bdo.9B3.IJ4UMJib76ERWW3Rp1sEn382uJkdBIO',1,'2016-06-14 11:24:34'),(28,'JJ Andres','$2a$10$56UGKYwq51ZjBj7zGOAPteTHAvMwnZVLlBSrKy50/3G6V5kuVbVSG',1,'2016-06-14 11:24:34'),(29,'Syfu','$2a$10$AGtmGqy3HjdQOtKRgUBOk.h9Ff7MpB8yIKvEciFzVZ/IlIMH8ghiq',1,'2016-06-14 11:24:34'),(30,'Mervin','$2a$10$ijUdxlCh55C5QZqqLoIxpOo6U.BNopjN9OfsG7Mh/i/vnLq1EINxe',1,'2016-06-14 11:24:34'),(31,'Ken Hosoya','$2a$10$GAA7Lnt.CYsimytS/GlDZeLxlkhCc3HfxcMtoP6Cm.mQ23i4RE.tG',1,'2016-06-14 11:24:34'),(32,'Daniel Padilla','$2a$10$RF9qY4MP.RulGNeErwKeG.xkIOZkeXuT.ZymudgjjoiHpd9FNs35C',1,'2016-06-14 11:24:34'),(64,'MDSP777','$2a$10$Q14fTprvumnXPnC1H5LHt.ijto6XsSw.6JSTqRWCpy7Rmv6bw2aRO',1,'2016-06-14 14:27:22'),(65,'clareese','$2a$10$JKlcDsV/VJJU.lByJRAXTuBrCii8D2SqcxE/fFV1EAvEx6NSc6num',1,'2016-06-14 14:30:10'),(66,'kanga','$2a$10$Ie.HfQJVT7tFmGIby1rBJ.ajr31oRFqoIpstt5mpzeSoblu7wcBOG',1,'2016-06-14 14:32:45'),(67,'EmiliaClarke','$2a$10$GV27Mi8HBo9tD3oF.TfwJuHU3j9/pJiacJN1.aMH3RnPTa/eXZmUK',1,'2016-06-14 14:38:39'),(68,'GerardWay','$2a$10$1odvkeALL/TeFhQkWt7JE.FbftvUF3dixkU4nLgFR3FtNAWP.C6ly',1,'2016-06-14 14:44:00'),(70,'AldsTM','$2a$10$xxVUp48NH4AFn3zytbhxzOwTrnV5VTMzjp7ZHH48pTQFLhjw3BzFS',1,'2016-06-15 03:22:16');
/*!40000 ALTER TABLE `ag_user` ENABLE KEYS */;
UNLOCK TABLES;
/*!40103 SET TIME_ZONE=@OLD_TIME_ZONE */;

/*!40101 SET SQL_MODE=@OLD_SQL_MODE */;
/*!40014 SET FOREIGN_KEY_CHECKS=@OLD_FOREIGN_KEY_CHECKS */;
/*!40014 SET UNIQUE_CHECKS=@OLD_UNIQUE_CHECKS */;
/*!40101 SET CHARACTER_SET_CLIENT=@OLD_CHARACTER_SET_CLIENT */;
/*!40101 SET CHARACTER_SET_RESULTS=@OLD_CHARACTER_SET_RESULTS */;
/*!40101 SET COLLATION_CONNECTION=@OLD_COLLATION_CONNECTION */;
/*!40111 SET SQL_NOTES=@OLD_SQL_NOTES */;

-- Dump completed on 2016-06-16 17:25:28
